OpenTime,O,H,L,C,V,CloseTime
1649577600000,1.03700000,1.04100000,1.02700000,1.03400000,5297665.30000000,1649591999999
1649592000000,1.03400000,1.04400000,1.02900000,1.04100000,7105401.90000000,1649606399999
1649606400000,1.04000000,1.06700000,1.03900000,1.06300000,11303694.60000000,1649620799999
1649620800000,1.06400000,1.07000000,1.02300000,1.02700000,16575127.20000000,1649635199999
1649635200000,1.02600000,1.03300000,1.00100000,1.01200000,20372000.50000000,1649649599999
1649649600000,1.01200000,1.02600000,1.01000000,1.01700000,11510955.20000000,1649663999999
1649664000000,1.01700000,1.01800000,0.95700000,0.96100000,43834489.10000000,1649678399999
1649678400000,0.96100000,0.96900000,0.93800000,0.93800000,33125452.20000000,1649692799999
1649692800000,0.93900000,0.96100000,0.93200000,0.94900000,27858807.50000000,1649707199999
1649707200000,0.94800000,0.95300000,0.91700000,0.92000000,22332427.10000000,1649721599999
1649721600000,0.91900000,0.93600000,0.91500000,0.92500000,17234884.70000000,1649735999999
1649736000000,0.92500000,0.95600000,0.92300000,0.95500000,17488606.60000000,1649750399999
1649750400000,0.95600000,0.96900000,0.94100000,0.96700000,16027773.90000000,1649764799999
1649764800000,0.96700000,0.98200000,0.94500000,0.95900000,37414404.60000000,1649779199999
1649779200000,0.95900000,0.96500000,0.92900000,0.93100000,16300415.70000000,1649793599999
1649793600000,0.93100000,0.95800000,0.93000000,0.95500000,10712967.00000000,1649807999999
1649808000000,0.95400000,0.95800000,0.94300000,0.95400000,11265571.70000000,1649822399999
1649822400000,0.95300000,0.96100000,0.94900000,0.95800000,10061421.80000000,1649836799999
1649836800000,0.95800000,0.96000000,0.93800000,0.93800000,11225691.50000000,1649851199999
1649851200000,0.93800000,0.97900000,0.93400000,0.97200000,24777448.10000000,1649865599999
1649865600000,0.97200000,0.97700000,0.95900000,0.96400000,15656150.30000000,1649879999999
1649880000000,0.96400000,0.98100000,0.96300000,0.97400000,10283295.20000000,1649894399999
1649894400000,0.97400000,0.98500000,0.96900000,0.97400000,11830077.40000000,1649908799999
1649908800000,0.97400000,0.98100000,0.96500000,0.97200000,11718573.70000000,1649923199999
1649923200000,0.97200000,0.97500000,0.95100000,0.95400000,12553878.80000000,1649937599999
1649937600000,0.95400000,0.96400000,0.93200000,0.93300000,23208422.30000000,1649951999999
1649952000000,0.93400000,0.93800000,0.92300000,0.92800000,15730987.40000000,1649966399999
1649966400000,0.92800000,0.93900000,0.92500000,0.93300000,9051439.60000000,1649980799999
1649980800000,0.93300000,0.95200000,0.92900000,0.95200000,8067304.00000000,1649995199999
1649995200000,0.95200000,0.95800000,0.94100000,0.95100000,8373115.40000000,1650009599999
1650009600000,0.95200000,0.95400000,0.94400000,0.95000000,6319222.40000000,1650023999999
1650024000000,0.95000000,0.95700000,0.93800000,0.95300000,9744671.10000000,1650038399999
1650038400000,0.95300000,0.95900000,0.94800000,0.94900000,5941007.40000000,1650052799999
1650052800000,0.95000000,0.95700000,0.94900000,0.95600000,4096489.40000000,1650067199999
1650067200000,0.95500000,0.96200000,0.95100000,0.95500000,6749242.50000000,1650081599999
1650081600000,0.95400000,0.95900000,0.95300000,0.95700000,2712570.50000000,1650095999999
1650096000000,0.95800000,0.95900000,0.94900000,0.95200000,5206931.00000000,1650110399999
1650110400000,0.95100000,0.95800000,0.93700000,0.94000000,8430820.50000000,1650124799999
1650124800000,0.94000000,0.94700000,0.93700000,0.94200000,5559462.10000000,1650139199999
1650139200000,0.94100000,0.95900000,0.94000000,0.95100000,8150831.80000000,1650153599999
1650153600000,0.95000000,0.95300000,0.94000000,0.94200000,5192619.20000000,1650167999999
1650168000000,0.94200000,0.94900000,0.94100000,0.94600000,2766794.60000000,1650182399999
1650182400000,0.94600000,0.95600000,0.94600000,0.95500000,4521604.40000000,1650196799999
1650196800000,0.95600000,0.96300000,0.95200000,0.95500000,7276748.70000000,1650211199999
1650211200000,0.95500000,0.95600000,0.93800000,0.94500000,7922945.30000000,1650225599999
1650225600000,0.94600000,0.94700000,0.91200000,0.91400000,15138729.80000000,1650239999999
1650240000000,0.91400000,0.92600000,0.91200000,0.92300000,9294627.30000000,1650254399999
1650254400000,0.92300000,0.92400000,0.87400000,0.88300000,41067377.50000000,1650268799999
1650268800000,0.88300000,0.89400000,0.87600000,0.88800000,13601526.20000000,1650283199999
1650283200000,0.88900000,0.91000000,0.88800000,0.89800000,17535312.40000000,1650297599999
1650297600000,0.89900000,0.93700000,0.89100000,0.92900000,26553633.30000000,1650311999999
1650312000000,0.92900000,0.93900000,0.92800000,0.93700000,10818062.90000000,1650326399999
1650326400000,0.93600000,0.94700000,0.92800000,0.93000000,14249992.80000000,1650340799999
1650340800000,0.92900000,0.93600000,0.92700000,0.92800000,7129038.60000000,1650355199999
1650355200000,0.92800000,0.93900000,0.92700000,0.93200000,10969777.80000000,1650369599999
1650369600000,0.93100000,0.95700000,0.93000000,0.94600000,23048171.30000000,1650383999999
1650384000000,0.94600000,0.95000000,0.93600000,0.94700000,11776147.80000000,1650398399999
1650398400000,0.94700000,0.95500000,0.94000000,0.95200000,8259561.40000000,1650412799999
1650412800000,0.95200000,0.95400000,0.94000000,0.94400000,8765973.00000000,1650427199999
1650427200000,0.94400000,0.95300000,0.93700000,0.94500000,10059721.40000000,1650441599999
1650441600000,0.94500000,0.97200000,0.94400000,0.96700000,19701299.70000000,1650455999999
1650456000000,0.96700000,0.97600000,0.94100000,0.94700000,31504349.20000000,1650470399999
1650470400000,0.94600000,0.94900000,0.93000000,0.93900000,15865690.70000000,1650484799999
1650484800000,0.93800000,0.94500000,0.93400000,0.93700000,7747269.60000000,1650499199999
1650499200000,0.93700000,0.95100000,0.93500000,0.94900000,8346690.30000000,1650513599999
1650513600000,0.94900000,0.95100000,0.93400000,0.95000000,8634928.30000000,1650527999999
1650528000000,0.94900000,0.96200000,0.94000000,0.95500000,18210796.60000000,1650542399999
1650542400000,0.95500000,0.97100000,0.95200000,0.95500000,25037670.60000000,1650556799999
1650556800000,0.95400000,0.95500000,0.93300000,0.93300000,14926236.50000000,1650571199999
1650571200000,0.93300000,0.93500000,0.89100000,0.91000000,29851656.10000000,1650585599999
1650585600000,0.91000000,0.92200000,0.90600000,0.91500000,13911779.30000000,1650599999999
1650600000000,0.91400000,0.92400000,0.90800000,0.91900000,11766007.50000000,1650614399999
1650614400000,0.91800000,0.92200000,0.90700000,0.91900000,12074815.40000000,1650628799999
1650628800000,0.92000000,0.92100000,0.89400000,0.89500000,25579349.00000000,1650643199999
1650643200000,0.89500000,0.90900000,0.89100000,0.90200000,13087753.80000000,1650657599999
1650657600000,0.90200000,0.91000000,0.90000000,0.90600000,5971311.70000000,1650671999999
1650672000000,0.90600000,0.91300000,0.88900000,0.89300000,6995944.00000000,1650686399999
1650686400000,0.89200000,0.89600000,0.88100000,0.89500000,6724094.90000000,1650700799999
1650700800000,0.89600000,0.90300000,0.89500000,0.90000000,3697237.40000000,1650715199999
1650715200000,0.90000000,0.90300000,0.89500000,0.90200000,5261435.40000000,1650729599999
1650729600000,0.90200000,0.90600000,0.89600000,0.89900000,4611815.10000000,1650743999999
1650744000000,0.89900000,0.90100000,0.88500000,0.88600000,7268540.70000000,1650758399999
1650758400000,0.88600000,0.89500000,0.88300000,0.89400000,7072307.00000000,1650772799999
1650772800000,0.89300000,0.89900000,0.89300000,0.89500000,4218607.10000000,1650787199999
1650787200000,0.89400000,0.89500000,0.88500000,0.88700000,6487758.50000000,1650801599999
1650801600000,0.88700000,0.89600000,0.88200000,0.89200000,8841448.70000000,1650815999999
1650816000000,0.89200000,0.89500000,0.87700000,0.89000000,16125956.00000000,1650830399999
1650830400000,0.89100000,0.89300000,0.88300000,0.88600000,6444939.70000000,1650844799999
1650844800000,0.88500000,0.88600000,0.85300000,0.87200000,25321955.50000000,1650859199999
1650859200000,0.87300000,0.87300000,0.83000000,0.83320000,35532184.20000000,1650873599999
1650873600000,0.83370000,0.85760000,0.82610000,0.85680000,33884064.80000000,1650887999999
1650888000000,0.85680000,0.86690000,0.84820000,0.85810000,32601112.40000000,1650902399999
1650902400000,0.85820000,0.88800000,0.85630000,0.88740000,21238975.40000000,1650916799999
1650916800000,0.88760000,0.90390000,0.88510000,0.89740000,23366232.20000000,1650931199999
1650931200000,0.89750000,0.90300000,0.88280000,0.88820000,21615210.70000000,1650945599999
1650945600000,0.88840000,0.89580000,0.88330000,0.88990000,11368795.30000000,1650959999999
1650960000000,0.88990000,0.89870000,0.88120000,0.88530000,14716270.80000000,1650974399999
1650974400000,0.88540000,0.88910000,0.84080000,0.84310000,39776901.30000000,1650988799999
1650988800000,0.84310000,0.84740000,0.81500000,0.83010000,52718417.60000000,1651003199999
1651003200000,0.83020000,0.84300000,0.81700000,0.82590000,36514471.30000000,1651017599999
1651017600000,0.82580000,0.83790000,0.81870000,0.82940000,29983842.70000000,1651031999999
1651032000000,0.82940000,0.85250000,0.82860000,0.85240000,19446690.40000000,1651046399999
1651046400000,0.85240000,0.85460000,0.83030000,0.83860000,25728957.50000000,1651060799999
1651060800000,0.83860000,0.85620000,0.82920000,0.83970000,35911083.50000000,1651075199999
1651075200000,0.83980000,0.84400000,0.82450000,0.82980000,17346139.70000000,1651089599999
1651089600000,0.83010000,0.85240000,0.82890000,0.84010000,20363803.10000000,1651103999999
1651104000000,0.84010000,0.84720000,0.83630000,0.83880000,15341303.30000000,1651118399999
1651118400000,0.83890000,0.84390000,0.83280000,0.83950000,17247140.30000000,1651132799999
1651132800000,0.83950000,0.85210000,0.83860000,0.84690000,18759479.70000000,1651147199999
1651147200000,0.84700000,0.85040000,0.82580000,0.83260000,40353221.50000000,1651161599999
1651161600000,0.83260000,0.84990000,0.82860000,0.84090000,18638896.30000000,1651175999999
1651176000000,0.84100000,0.85260000,0.83670000,0.84320000,24545191.80000000,1651190399999
1651190400000,0.84320000,0.84950000,0.83200000,0.83520000,18187033.40000000,1651204799999
1651204800000,0.83530000,0.83990000,0.83030000,0.83630000,15111333.10000000,1651219199999
1651219200000,0.83630000,0.83970000,0.80500000,0.81200000,31771658.90000000,1651233599999
1651233600000,0.81210000,0.82390000,0.81020000,0.81830000,23534094.80000000,1651247999999
1651248000000,0.81820000,0.81840000,0.78910000,0.79610000,32376586.50000000,1651262399999
1651262400000,0.79620000,0.81000000,0.79520000,0.80480000,18339421.60000000,1651276799999
1651276800000,0.80500000,0.81380000,0.80290000,0.80780000,18685687.70000000,1651291199999
1651291200000,0.80780000,0.81790000,0.80610000,0.81430000,11331399.30000000,1651305599999
1651305600000,0.81420000,0.81720000,0.80420000,0.80520000,11992848.40000000,1651319999999
1651320000000,0.80520000,0.81070000,0.78410000,0.79390000,19242092.20000000,1651334399999
1651334400000,0.79390000,0.79740000,0.77810000,0.78850000,20437041.60000000,1651348799999
1651348800000,0.78840000,0.78840000,0.73510000,0.75560000,65675092.14000000,1651363199999
1651363200000,0.75550000,0.77590000,0.74510000,0.76400000,41437310.60000000,1651377599999
1651377600000,0.76410000,0.77830000,0.76120000,0.76750000,18951069.40000000,1651391999999
1651392000000,0.76750000,0.77680000,0.76720000,0.77030000,10307609.20000000,1651406399999
1651406400000,0.77030000,0.79270000,0.76660000,0.79080000,16790140.30000000,1651420799999
1651420800000,0.79100000,0.80020000,0.76810000,0.77060000,24208161.90000000,1651435199999
1651435200000,0.77060000,0.79330000,0.76840000,0.78950000,26098935.90000000,1651449599999
1651449600000,0.78940000,0.79680000,0.77960000,0.78380000,18262423.30000000,1651463999999
1651464000000,0.78380000,0.79640000,0.78160000,0.78760000,15580269.20000000,1651478399999
1651478400000,0.78780000,0.79220000,0.76950000,0.77160000,17793343.90000000,1651492799999
1651492800000,0.77160000,0.78620000,0.76760000,0.77590000,39512918.20000000,1651507199999
1651507200000,0.77600000,0.77990000,0.76360000,0.77770000,21636263.30000000,1651521599999
1651521600000,0.77760000,0.79170000,0.77350000,0.78090000,16121798.90000000,1651535999999
1651536000000,0.78080000,0.79220000,0.77540000,0.78890000,15686024.70000000,1651550399999
1651550400000,0.78890000,0.79470000,0.78310000,0.78590000,10712372.10000000,1651564799999
1651564800000,0.78600000,0.79940000,0.78240000,0.79700000,12354186.50000000,1651579199999
1651579200000,0.79700000,0.79810000,0.78550000,0.79050000,20193927.60000000,1651593599999
1651593600000,0.79050000,0.79230000,0.76070000,0.76340000,23740362.10000000,1651607999999
1651608000000,0.76370000,0.77620000,0.76050000,0.77110000,13742849.50000000,1651622399999
1651622400000,0.77120000,0.78280000,0.76770000,0.78070000,15286478.10000000,1651636799999
1651636800000,0.78080000,0.79370000,0.77610000,0.79250000,19016939.20000000,1651651199999
1651651200000,0.79260000,0.83350000,0.79160000,0.82230000,49853766.80000000,1651665599999
1651665600000,0.82230000,0.83660000,0.81470000,0.82860000,52125246.30000000,1651679999999
1651680000000,0.82870000,0.87500000,0.82370000,0.86710000,82509963.20000000,1651694399999
1651694400000,0.86710000,0.89920000,0.86630000,0.89850000,37857366.40000000,1651708799999
1651708800000,0.89860000,0.90580000,0.88210000,0.88510000,54703236.00000000,1651723199999
1651723200000,0.88520000,0.88600000,0.86060000,0.87430000,54120431.00000000,1651737599999
1651737600000,0.87430000,0.87890000,0.85600000,0.85780000,23486076.80000000,1651751999999
1651752000000,0.85780000,0.86480000,0.78110000,0.79050000,106383200.60000000,1651766399999
1651766400000,0.79040000,0.80600000,0.77160000,0.79790000,90664210.60000000,1651780799999
1651780800000,0.79780000,0.80310000,0.78280000,0.78840000,35613474.30000000,1651795199999
1651795200000,0.78840000,0.79530000,0.77500000,0.79210000,34570173.40000000,1651809599999
1651809600000,0.79220000,0.79750000,0.77330000,0.79060000,41509229.60000000,1651823999999
1651824000000,0.79070000,0.79970000,0.77200000,0.77900000,48143407.20000000,1651838399999
1651838400000,0.77890000,0.79610000,0.76250000,0.78150000,78718517.30000000,1651852799999
1651852800000,0.78150000,0.78930000,0.77550000,0.78460000,27421879.40000000,1651867199999
1651867200000,0.78450000,0.79070000,0.77680000,0.78320000,13695463.30000000,1651881599999
1651881600000,0.78320000,0.78530000,0.77060000,0.77240000,22090539.70000000,1651895999999
1651896000000,0.77240000,0.77900000,0.76340000,0.77730000,23835475.00000000,1651910399999
1651910400000,0.77720000,0.78520000,0.77490000,0.78370000,18746791.80000000,1651924799999
1651924800000,0.78370000,0.78580000,0.77580000,0.77990000,14559611.10000000,1651939199999
1651939200000,0.78000000,0.78130000,0.77100000,0.77780000,10511239.00000000,1651953599999
1651953600000,0.77780000,0.77800000,0.74670000,0.76040000,37065239.40000000,1651967999999
1651968000000,0.76050000,0.76630000,0.73120000,0.74060000,54449188.70000000,1651982399999
1651982400000,0.74060000,0.74980000,0.73580000,0.74270000,21263302.90000000,1651996799999
1651996800000,0.74270000,0.75030000,0.73800000,0.74530000,16865971.40000000,1652011199999
1652011200000,0.74520000,0.74910000,0.73330000,0.73850000,26576867.60000000,1652025599999
1652025600000,0.73860000,0.76110000,0.72540000,0.75640000,34551812.49000000,1652039999999
1652040000000,0.75640000,0.75850000,0.73630000,0.74030000,21432387.30000000,1652054399999
1652054400000,0.74040000,0.75420000,0.70490000,0.70630000,91755787.10000000,1652068799999
1652068800000,0.70630000,0.71740000,0.69000000,0.69140000,50914979.72000000,1652083199999
1652083200000,0.69140000,0.69710000,0.65160000,0.67060000,76440755.86000000,1652097599999
1652097600000,0.67070000,0.67560000,0.65010000,0.65950000,64008054.00000000,1652111999999
1652112000000,0.65950000,0.66600000,0.61000000,0.62600000,120573126.18000000,1652126399999
1652126400000,0.62600000,0.66010000,0.59760000,0.60190000,68649864.08000000,1652140799999
1652140800000,0.60250000,0.64480000,0.58330000,0.61950000,140763244.20000000,1652155199999
1652155200000,0.61960000,0.70100000,0.61730000,0.67210000,93365621.80000000,1652169599999
1652169600000,0.67220000,0.69050000,0.66290000,0.67920000,55725218.90000000,1652183999999
1652184000000,0.67910000,0.69490000,0.65140000,0.66420000,66631948.50000000,1652198399999
1652198400000,0.66430000,0.67750000,0.64700000,0.65080000,29612897.40000000,1652212799999
1652212800000,0.65090000,0.65180000,0.60690000,0.62860000,50751377.80000000,1652227199999
1652227200000,0.62860000,0.64190000,0.61060000,0.62790000,48165201.10000000,1652241599999
1652241600000,0.62780000,0.63940000,0.59100000,0.60920000,73181226.00000000,1652255999999
1652256000000,0.60920000,0.66310000,0.60180000,0.61970000,76470971.80000000,1652270399999
1652270400000,0.61980000,0.63690000,0.53000000,0.57230000,228310504.97000000,1652284799999
1652284800000,0.57210000,0.57940000,0.52100000,0.52720000,79781646.40000000,1652299199999
1652299200000,0.52690000,0.53670000,0.47270000,0.51870000,117546516.24000000,1652313599999
1652313600000,0.51860000,0.55080000,0.44100000,0.44160000,149205963.88000000,1652327999999
1652328000000,0.44170000,0.47390000,0.40190000,0.45890000,304604042.38000000,1652342399999
1652342400000,0.45900000,0.48850000,0.42970000,0.46100000,137586236.80000000,1652356799999
1652356800000,0.46100000,0.50400000,0.44700000,0.47930000,94811951.80000000,1652371199999
1652371200000,0.47930000,0.51650000,0.47270000,0.48620000,77001023.50000000,1652385599999
1652385600000,0.48630000,0.49310000,0.45160000,0.47330000,52256580.10000000,1652399999999
1652400000000,0.47330000,0.55390000,0.46890000,0.54690000,128796196.30000000,1652414399999
1652414400000,0.54690000,0.60940000,0.53680000,0.56530000,121605070.70000000,1652428799999
1652428800000,0.56540000,0.59180000,0.56510000,0.58690000,56704891.90000000,1652443199999
1652443200000,0.58700000,0.59000000,0.55720000,0.56800000,62014890.80000000,1652457599999
1652457600000,0.56830000,0.57960000,0.54050000,0.55340000,48915414.80000000,1652471999999
1652472000000,0.55370000,0.55980000,0.52340000,0.52900000,40033788.30000000,1652486399999
1652486400000,0.52890000,0.55720000,0.52800000,0.54510000,45714241.70000000,1652500799999
1652500800000,0.54510000,0.54570000,0.52410000,0.53190000,32418595.90000000,1652515199999
1652515200000,0.53180000,0.53880000,0.49840000,0.51040000,51477943.70000000,1652529599999
1652529600000,0.51040000,0.51220000,0.48880000,0.49430000,42217846.70000000,1652543999999
1652544000000,0.49430000,0.52920000,0.48900000,0.51400000,49640231.60000000,1652558399999
1652558400000,0.51390000,0.54190000,0.51300000,0.53720000,31972196.00000000,1652572799999
1652572800000,0.53740000,0.54170000,0.51480000,0.52020000,22400655.90000000,1652587199999
1652587200000,0.52020000,0.54480000,0.51560000,0.53480000,22566171.90000000,1652601599999
1652601600000,0.53470000,0.56290000,0.53060000,0.55840000,31242681.40000000,1652615999999
1652616000000,0.55840000,0.56680000,0.54220000,0.54670000,40370233.30000000,1652630399999
1652630400000,0.54660000,0.58150000,0.54440000,0.58020000,31773770.00000000,1652644799999
1652644800000,0.58010000,0.59990000,0.57190000,0.59810000,46911062.90000000,1652659199999
1652659200000,0.59820000,0.61460000,0.57540000,0.57850000,52831730.10000000,1652673599999
1652673600000,0.57850000,0.58240000,0.55140000,0.56070000,51989654.80000000,1652687999999
1652688000000,0.56070000,0.57750000,0.55340000,0.56480000,43882147.80000000,1652702399999
1652702400000,0.56480000,0.57930000,0.54440000,0.55530000,61991306.50000000,1652716799999
1652716800000,0.55540000,0.57070000,0.54640000,0.55700000,40119029.80000000,1652731199999
1652731200000,0.55690000,0.57400000,0.55230000,0.55690000,30089647.10000000,1652745599999
1652745600000,0.55690000,0.57430000,0.55570000,0.56870000,23927661.50000000,1652759999999
1652760000000,0.56860000,0.58550000,0.56700000,0.57590000,22587065.40000000,1652774399999
1652774400000,0.57590000,0.58980000,0.57350000,0.58080000,27064626.60000000,1652788799999
1652788800000,0.58070000,0.59990000,0.56950000,0.57460000,44543483.30000000,1652803199999
1652803200000,0.57450000,0.57590000,0.55110000,0.56630000,40299371.50000000,1652817599999
1652817600000,0.56640000,0.58300000,0.56370000,0.57780000,19662411.30000000,1652831999999
1652832000000,0.57760000,0.58630000,0.55720000,0.55910000,23160305.80000000,1652846399999
1652846400000,0.55910000,0.56740000,0.55680000,0.56420000,16167855.80000000,1652860799999
1652860800000,0.56430000,0.56570000,0.55350000,0.55660000,17540523.90000000,1652875199999
1652875200000,0.55670000,0.55690000,0.51830000,0.52220000,68198661.90000000,1652889599999
1652889600000,0.52240000,0.53420000,0.51500000,0.53140000,44458991.60000000,1652903999999
1652904000000,0.53130000,0.53150000,0.50260000,0.50590000,33550784.90000000,1652918399999
1652918400000,0.50590000,0.52330000,0.49170000,0.51770000,42691291.70000000,1652932799999
1652932800000,0.51780000,0.52390000,0.50520000,0.51550000,23415757.90000000,1652947199999
1652947200000,0.51550000,0.53160000,0.50430000,0.52900000,32422262.60000000,1652961599999
1652961600000,0.52910000,0.54670000,0.51680000,0.54010000,59840674.70000000,1652975999999
1652976000000,0.54010000,0.54180000,0.52410000,0.52440000,27338967.50000000,1652990399999
1652990400000,0.52430000,0.53660000,0.52080000,0.53340000,20107052.30000000,1653004799999
1653004800000,0.53340000,0.54500000,0.52750000,0.53050000,24464917.30000000,1653019199999
1653019200000,0.53040000,0.53660000,0.52170000,0.53020000,25522227.90000000,1653033599999
1653033600000,0.53020000,0.54180000,0.52840000,0.53990000,27139927.20000000,1653047999999
1653048000000,0.53990000,0.54010000,0.50760000,0.51010000,48382248.40000000,1653062399999
1653062400000,0.51010000,0.51390000,0.50120000,0.51280000,33344551.90000000,1653076799999
1653076800000,0.51290000,0.52370000,0.51140000,0.51620000,15439389.90000000,1653091199999
1653091200000,0.51620000,0.52290000,0.50860000,0.52270000,13564388.30000000,1653105599999
1653105600000,0.52270000,0.53110000,0.52060000,0.52920000,16678250.70000000,1653119999999
1653120000000,0.52920000,0.53400000,0.52380000,0.52780000,16819772.40000000,1653134399999
1653134400000,0.52790000,0.53730000,0.52470000,0.53660000,15088516.40000000,1653148799999
1653148800000,0.53660000,0.53880000,0.52770000,0.52940000,15000187.20000000,1653163199999
1653163200000,0.52930000,0.53050000,0.52160000,0.52860000,8336221.00000000,1653177599999
1653177600000,0.52860000,0.53200000,0.52200000,0.52700000,11925966.00000000,1653191999999
1653192000000,0.52690000,0.53550000,0.52190000,0.53450000,12777423.20000000,1653206399999
1653206400000,0.53450000,0.54880000,0.53220000,0.54230000,34132149.60000000,1653220799999
1653220800000,0.54230000,0.54810000,0.53220000,0.53480000,18253524.00000000,1653235199999
1653235200000,0.53500000,0.53890000,0.52910000,0.53470000,13461113.00000000,1653249599999
1653249600000,0.53460000,0.54660000,0.53310000,0.54160000,13964083.00000000,1653263999999
1653264000000,0.54160000,0.54730000,0.53520000,0.54200000,13332372.00000000,1653278399999
1653278400000,0.54200000,0.55340000,0.53850000,0.54990000,28210190.40000000,1653292799999
1653292800000,0.54980000,0.55360000,0.54410000,0.55140000,22977707.20000000,1653307199999
1653307200000,0.55150000,0.55670000,0.54000000,0.55310000,39737495.20000000,1653321599999
1653321600000,0.55320000,0.55950000,0.51690000,0.51780000,43941005.50000000,1653335999999
1653336000000,0.51770000,0.52980000,0.50390000,0.51340000,41229189.50000000,1653350399999
1653350400000,0.51330000,0.52200000,0.51070000,0.52190000,20424936.80000000,1653364799999
1653364800000,0.52180000,0.52360000,0.51610000,0.52100000,20420840.30000000,1653379199999
1653379200000,0.52090000,0.52110000,0.50920000,0.51500000,20396130.40000000,1653393599999
1653393600000,0.51490000,0.52100000,0.49270000,0.51680000,60739779.00000000,1653407999999
1653408000000,0.51670000,0.52230000,0.50590000,0.51410000,34153620.80000000,1653422399999
1653422400000,0.51400000,0.52550000,0.50880000,0.52190000,14770488.30000000,1653436799999
1653436800000,0.52180000,0.53280000,0.51650000,0.52870000,22632024.60000000,1653451199999
1653451200000,0.52880000,0.52890000,0.51440000,0.51540000,19470627.40000000,1653465599999
1653465600000,0.51540000,0.51970000,0.50710000,0.50900000,20612374.20000000,1653479999999
1653480000000,0.50900000,0.51860000,0.50710000,0.51300000,28837696.30000000,1653494399999
1653494400000,0.51300000,0.51930000,0.50780000,0.51320000,29398036.80000000,1653508799999
1653508800000,0.51320000,0.51910000,0.51210000,0.51460000,12603491.00000000,1653523199999
1653523200000,0.51450000,0.52100000,0.51110000,0.51470000,17462180.40000000,1653537599999
1653537600000,0.51470000,0.51610000,0.49710000,0.50430000,29607775.70000000,1653551999999
1653552000000,0.50430000,0.50470000,0.47790000,0.48490000,55987410.40000000,1653566399999
1653566400000,0.48500000,0.49600000,0.46140000,0.49260000,80920718.90000000,1653580799999
1653580800000,0.49240000,0.50310000,0.48040000,0.48060000,36429962.20000000,1653595199999
1653595200000,0.48060000,0.48920000,0.47710000,0.47890000,23256906.50000000,1653609599999
1653609600000,0.47880000,0.48390000,0.45450000,0.47010000,52662378.90000000,1653623999999
1653624000000,0.47010000,0.47260000,0.44880000,0.46170000,48793914.20000000,1653638399999
1653638400000,0.46160000,0.46840000,0.45580000,0.46400000,41527378.10000000,1653652799999
1653652800000,0.46390000,0.47880000,0.45810000,0.45970000,58151437.90000000,1653667199999
1653667200000,0.45950000,0.46310000,0.44540000,0.45790000,48925313.80000000,1653681599999
1653681600000,0.45780000,0.46300000,0.45090000,0.45660000,18345592.70000000,1653695999999
1653696000000,0.45660000,0.46410000,0.44810000,0.45640000,24639052.80000000,1653710399999
1653710400000,0.45660000,0.46340000,0.45320000,0.45980000,17062676.60000000,1653724799999
1653724800000,0.45970000,0.46220000,0.45360000,0.45740000,15461067.60000000,1653739199999
1653739200000,0.45730000,0.46710000,0.45520000,0.46300000,19770362.40000000,1653753599999
1653753600000,0.46320000,0.46690000,0.45790000,0.46560000,16835297.30000000,1653767999999
1653768000000,0.46550000,0.46930000,0.46160000,0.46460000,12167513.70000000,1653782399999
1653782400000,0.46460000,0.46760000,0.45590000,0.46010000,18589253.60000000,1653796799999
1653796800000,0.46010000,0.46580000,0.45700000,0.46510000,8187759.40000000,1653811199999
1653811200000,0.46510000,0.47250000,0.46160000,0.47160000,16021924.00000000,1653825599999
1653825600000,0.47170000,0.47810000,0.46980000,0.47180000,18193793.20000000,1653839999999
1653840000000,0.47190000,0.47760000,0.47110000,0.47350000,9590606.80000000,1653854399999
1653854400000,0.47350000,0.48270000,0.47200000,0.48200000,18043191.90000000,1653868799999
1653868800000,0.48190000,0.51700000,0.47720000,0.51320000,46668198.00000000,1653883199999
1653883200000,0.51330000,0.52390000,0.51140000,0.52000000,39934815.30000000,1653897599999
1653897600000,0.52000000,0.52730000,0.51570000,0.52280000,29857610.70000000,1653911999999
1653912000000,0.52270000,0.54720000,0.51710000,0.53560000,57487258.80000000,1653926399999
1653926400000,0.53560000,0.54030000,0.53240000,0.53420000,18311689.90000000,1653940799999
1653940800000,0.53420000,0.57770000,0.53270000,0.56980000,67018740.70000000,1653955199999
1653955200000,0.56980000,0.59140000,0.56780000,0.58440000,52479254.60000000,1653969599999
1653969600000,0.58450000,0.68930000,0.57940000,0.65380000,195364139.10000000,1653983999999
1653984000000,0.65390000,0.68600000,0.64640000,0.65420000,117494279.20000000,1653998399999
1653998400000,0.65430000,0.65680000,0.60850000,0.63400000,145744376.70000000,1654012799999
1654012800000,0.63400000,0.63990000,0.59400000,0.59880000,86278863.50000000,1654027199999
1654027200000,0.59890000,0.64040000,0.59740000,0.62680000,66258576.60000000,1654041599999
1654041600000,0.62660000,0.63140000,0.59940000,0.60150000,45990615.00000000,1654055999999
1654056000000,0.60170000,0.61460000,0.59410000,0.60450000,39885676.60000000,1654070399999
1654070400000,0.60460000,0.61960000,0.60000000,0.60450000,33704599.30000000,1654084799999
1654084800000,0.60460000,0.60930000,0.56710000,0.56810000,94374592.50000000,1654099199999
1654099200000,0.56800000,0.56980000,0.55000000,0.55730000,82371676.90000000,1654113599999
1654113600000,0.55720000,0.55940000,0.53590000,0.55160000,59150239.30000000,1654127999999
1654128000000,0.55170000,0.58000000,0.54870000,0.56300000,71827783.90000000,1654142399999
1654142400000,0.56310000,0.57900000,0.55290000,0.57410000,39032449.50000000,1654156799999
1654156800000,0.57390000,0.58660000,0.56960000,0.58420000,42550020.10000000,1654171199999
1654171200000,0.58420000,0.59810000,0.55410000,0.58780000,89065939.00000000,1654185599999
1654185600000,0.58790000,0.59160000,0.57640000,0.58320000,37820367.60000000,1654199999999
1654200000000,0.58310000,0.59020000,0.57970000,0.58710000,25829174.10000000,1654214399999
1654214400000,0.58720000,0.60550000,0.57810000,0.59110000,35608013.20000000,1654228799999
1654228800000,0.59120000,0.59500000,0.58140000,0.58680000,19480148.30000000,1654243199999
1654243200000,0.58670000,0.58960000,0.55070000,0.55550000,46963823.40000000,1654257599999
1654257600000,0.55550000,0.56130000,0.53900000,0.54620000,51837754.90000000,1654271999999
1654272000000,0.54610000,0.56030000,0.54450000,0.55800000,27199733.10000000,1654286399999
1654286400000,0.55800000,0.57580000,0.55390000,0.56000000,25168438.00000000,1654300799999
1654300800000,0.56000000,0.56510000,0.54490000,0.55140000,20790487.00000000,1654315199999
1654315200000,0.55150000,0.56840000,0.54960000,0.56320000,17986893.20000000,1654329599999
1654329600000,0.56320000,0.56830000,0.55180000,0.55450000,18797263.30000000,1654343999999
1654344000000,0.55450000,0.56570000,0.54980000,0.56030000,23436848.40000000,1654358399999
1654358400000,0.56030000,0.56370000,0.55300000,0.55850000,11770121.70000000,1654372799999
1654372800000,0.55850000,0.57180000,0.55740000,0.56650000,15997655.30000000,1654387199999
1654387200000,0.56660000,0.56760000,0.55620000,0.56520000,11973866.00000000,1654401599999
1654401600000,0.56520000,0.56670000,0.56020000,0.56070000,9142922.00000000,1654415999999
1654416000000,0.56070000,0.56460000,0.55380000,0.55890000,11558402.00000000,1654430399999
1654430400000,0.55890000,0.56510000,0.55630000,0.56480000,12476120.60000000,1654444799999
1654444800000,0.56480000,0.58000000,0.56370000,0.57630000,29856114.70000000,1654459199999
1654459200000,0.57630000,0.58080000,0.56470000,0.56740000,20270168.30000000,1654473599999
1654473600000,0.56750000,0.62050000,0.56510000,0.61820000,53448734.40000000,1654487999999
1654488000000,0.61830000,0.64720000,0.61630000,0.63720000,82881948.60000000,1654502399999
1654502400000,0.63720000,0.64120000,0.62240000,0.62470000,45329189.80000000,1654516799999
1654516800000,0.62470000,0.62980000,0.60050000,0.60920000,70939551.50000000,1654531199999
1654531200000,0.60920000,0.60960000,0.59110000,0.60610000,48218038.10000000,1654545599999
1654545600000,0.60620000,0.61920000,0.59330000,0.60910000,40684914.40000000,1654559999999
1654560000000,0.60910000,0.61060000,0.57150000,0.58980000,70236559.10000000,1654574399999
1654574400000,0.58970000,0.59110000,0.57850000,0.58790000,24906973.90000000,1654588799999
1654588800000,0.58780000,0.59190000,0.57900000,0.58340000,23663614.20000000,1654603199999
1654603200000,0.58340000,0.62850000,0.58000000,0.61520000,80631395.60000000,1654617599999
1654617600000,0.61520000,0.63860000,0.60650000,0.63040000,66827899.00000000,1654631999999
1654632000000,0.63040000,0.64500000,0.60060000,0.61410000,72545852.90000000,1654646399999
1654646400000,0.61400000,0.65880000,0.60870000,0.63060000,105396258.30000000,1654660799999
1654660800000,0.63070000,0.65090000,0.62340000,0.63800000,63656357.20000000,1654675199999
1654675200000,0.63810000,0.65000000,0.62670000,0.64310000,42492986.10000000,1654689599999
1654689600000,0.64310000,0.66650000,0.63420000,0.66400000,96530767.00000000,1654703999999
1654704000000,0.66380000,0.66960000,0.63670000,0.64660000,56301211.60000000,1654718399999
1654718400000,0.64650000,0.65600000,0.63880000,0.64080000,29889794.50000000,1654732799999
1654732800000,0.64070000,0.64850000,0.62580000,0.64450000,37777901.10000000,1654747199999
1654747200000,0.64440000,0.64490000,0.63870000,0.63890000,2913514.40000000,1654761599999
